{
  "onset":
  [
  488,
  491,
  547,
  548,
  603,
  606,
  660,
  663,
  719,
  721,
  773,
  778,
  890,
  893,
  947,
  950,
  1006,
  1008,
  1121,
  1123,
  1179,
  1180,
  1235,
  1238,
  1293,
  1295,
  1407,
  1410,
  1523,
  1525,
  1581,
  1582,
  1753,
  1755,
  1811,
  1812,
  1868,
  1869,
  1925,
  1927,
  2040,
  2042,
  2098,
  2099,
  2152,
  2157,
  2213,
  2214,
  2270,
  2272,
  2327,
  2329,
  2383,
  2387,
  2442,
  2444,
  2499,
  2501,
  2556,
  2559,
  2613,
  2616,
  2672,
  2674,
  2729,
  2731,
  2786,
  2789,
  2843,
  2846,
  2898,
  2904,
  2957,
  2961,
  3003,
  3004,
  3045,
  3047,
  3103,
  3105,
  3188,
  3191,
  3247,
  3248,
  3302,
  3306,
  3360,
  3363,
  3418,
  3421,
  3476,
  3478,
  3591,
  3593,
  3706,
  3708,
  3762,
  3765,
  3821,
  3823,
  3877,
  3880,
  4192,
  4197,
  4252,
  4254,
  4310,
  4312,
  4481,
  4484,
  4538,
  4541
],
"beat":
[ 434,  462,  491,  520,  548,  577,  606,  635,  663,  692,  721,
  750,  778,  807,  836,  864,  893,  922,  950,  979, 1008, 1037,
 1066, 1094, 1123, 1152, 1180, 1209, 1238, 1267, 1295, 1324, 1353,
 1382, 1410, 1439, 1468, 1496, 1525, 1554, 1582, 1611, 1640, 1669,
 1697, 1726, 1755, 1784, 1812, 1841, 1870, 1899, 1927, 1956, 1985,
 2014, 2042, 2071, 2099, 2128, 2157, 2186, 2214, 2243, 2272, 2301,
 2329, 2358, 2387, 2415, 2444, 2473, 2502, 2531, 2559, 2588, 2616,
 2645, 2674, 2703, 2731, 2760, 2789, 2818, 2846, 2875, 2904, 2933,
 2961, 2990, 3018, 3047, 3076, 3105, 3134, 3162, 3191, 3220, 3248,
 3277, 3306, 3335, 3363, 3392, 3421, 3450, 3478, 3507, 3536, 3564,
 3593, 3622, 3651, 3679, 3708, 3737, 3765, 3794, 3823, 3852, 3880,
 3909, 3938, 3967, 3996, 4025, 4054, 4083, 4111, 4139, 4168, 4197,
 4225, 4254, 4283, 4312, 4341, 4370, 4398, 4426, 4455, 4484, 4513],
 "type":
 [
   [ 52.06666667,  52.71111111,  53.35555556,  54.64444444,
    56.55555556,  57.17777778,  58.46666667,  59.11111111,
    59.73333333,  60.68888889,  61.02222222,  61.64444444,
    62.28888889,  62.93333333,  63.55555556,  66.75555556,
    67.4       ,  72.51111111,  73.15555556,  73.8       ,
    89.42222222,  90.71111111,  90.86666667,  93.24444444,
    94.53333333,  95.8       ,  97.08888889,  97.22222222,
    99.64444444, 100.91111111],
  [ 0.07, 0.38, 0.69, 1.02, 1.33, 1.67, 1.98, 2.29, 2.93, 3.24, 3.58,
    3.89, 4.20, 4.53, 4.84, 5.16, 5.49, 5.80, 6.44, 6.76, 7.40, 8.36,
    8.67, 9.00, 9.31, 9.62, 9.96, 10.27, 10.58, 10.89, 11.22, 11.53,
    11.87, 12.18, 12.49, 12.82, 13.00, 13.13, 13.44, 13.78, 14.09,
    14.36, 14.73, 15.07, 15.38, 15.69, 16.00, 16.33, 16.64, 16.98,
    17.29, 17.60, 17.93, 18.24, 18.56, 18.89, 19.20, 19.51, 19.84,
    20.16, 20.47, 20.80, 21.11, 21.42, 21.76, 22.09, 22.38, 22.71,
    23.02, 23.27, 23.67, 24.00, 24.31, 24.56, 24.78, 24.96, 25.20,
    25.42, 25.60, 25.91, 26.22, 26.53, 26.87, 27.20, 27.49, 27.82,
    28.13, 28.44, 28.78, 29.09, 29.42, 29.73, 30.04, 30.38, 30.69,
    31.02, 31.33, 31.64, 31.96, 32.29, 32.60, 32.93, 33.24, 33.58,
    33.89, 34.20, 34.53, 34.84, 35.16, 35.49, 35.80, 36.11, 36.44,
    36.76, 37.07, 37.31, 37.51, 37.71, 38.02, 38.36, 38.67, 38.98,
    39.31, 39.62, 39.96, 40.27, 40.58, 40.91, 41.22, 41.53, 41.87,
    42.18, 42.51, 42.82, 43.13, 43.47, 43.78, 44.09, 44.42, 44.73,
    45.04, 45.38, 45.69, 46.02, 46.33, 46.64, 46.96, 47.29, 47.60,
    47.91, 48.24, 48.56, 48.89, 49.20, 49.53, 49.84, 50.16, 50.47,
    50.80, 51.11, 51.44, 51.76, 52.40, 53.02, 53.67, 54.29, 54.93,
    55.27, 55.58, 55.91, 56.22, 56.87, 57.49, 57.82, 58.13, 58.78,
    59.40, 60.04, 61.33, 61.96, 62.60, 63.24, 63.89, 64.20, 64.51,
    64.84, 65.16, 65.49, 65.80, 66.13, 66.44, 67.07, 67.71, 68.04,
    68.36, 68.67, 69.00, 69.31, 69.62, 69.96, 70.27, 70.58, 70.91,
    71.24, 71.53, 71.87, 72.18, 72.82, 73.44, 74.09, 74.73, 75.38,
    76.00, 76.64, 76.98, 77.29, 77.93, 78.56, 79.20, 79.82, 80.47,
    81.11, 81.76, 82.40, 83.04, 83.67, 84.31, 84.47, 84.93, 85.58,
    86.22, 86.87, 87.49, 88.16, 88.78]
  ]
}